<?xml version="1.0" encoding="UTF-8"?>  
<beans xmlns="http://www.springframework.org/schema/beans"
    xmlns:xsi="http://www.w3.org/2001/XMLSchema-instance"
    xmlns:mvc="http://www.springframework.org/schema/mvc"
    xmlns:p="http://www.springframework.org/schema/p"
    xmlns:context="http://www.springframework.org/schema/context"
    xsi:schemaLocation="
        http://www.springframework.org/schema/beans
        http://www.springframework.org/schema/beans/spring-beans.xsd
        http://www.springframework.org/schema/context
        http://www.springframework.org/schema/context/spring-context.xsd
        http://www.springframework.org/schema/mvc
        http://www.springframework.org/schema/mvc/spring-mvc.xsd">
	<!-- 扫描controller -->
	<context:component-scan base-package="com.hbh.controller"></context:component-scan>
	<!-- 加载静态资源 -->
	<mvc:resources location="/statics/" mapping="/statics/**"></mvc:resources>
	<mvc:annotation-driven>
	<mvc:message-converters>
   			<bean class="org.springframework.http.converter.StringHttpMessageConverter">
   				<property name="supportedMediaTypes">
   					<list>
   						<value>application/json;charset=UTF-8</value>
   					</list>
   				</property>
   			</bean>
   			<bean class="com.alibaba.fastjson.support.spring.FastJsonHttpMessageConverter">
   				<property name="supportedMediaTypes">
   					<list>
   						<value>text/html;charset=UTF-8</value>
   						<value>application/json</value>
   					</list>
   				</property>
   				<property name="features">
   					<list>
   						<value>WriteDateUseDateFormat</value>
   					</list>
   				</property>
   			</bean>
   		</mvc:message-converters>
	</mvc:annotation-driven>
 	
   <!-- 定义跳转的文件的前后缀 ，视图模式配置-->  
    <bean class="org.springframework.web.servlet.view.InternalResourceViewResolver">  
        <!-- 这里的配置我的理解是自动给后面action的方法return的字符串加上前缀和后缀，变成一个 可用的url地址 -->  
        <property name="prefix" value="/WEB-INF/jsp/" />  
        <property name="suffix" value=".jsp" />  
    </bean>  
</beans>