<?xml version="1.0" encoding="UTF-8"?>
<!DOCTYPE mapper PUBLIC "-//mybatis.org//DTD Mapper 3.0//EN" "http://mybatis.org/dtd/mybatis-3-mapper.dtd">
<mapper namespace="com.hbh.dao.CkinMapper">
  <resultMap id="BaseResultMap" type="com.hbh.entity.Ckin">
    <id column="inid" jdbcType="VARCHAR" property="inid" />
    <result column="proid" jdbcType="VARCHAR" property="proid" />
    <result column="pname" jdbcType="VARCHAR" property="pname" />
    <result column="num" jdbcType="INTEGER" property="num" />
    <result column="indate" jdbcType="DATE" property="indate" />
    <result column="marks" jdbcType="VARCHAR" property="marks" />
  </resultMap>
  
  <sql id="Example_Where_Clause">
    <where>
      <foreach collection="oredCriteria" item="criteria" separator="or">
        <if test="criteria.valid">
          <trim prefix="(" prefixOverrides="and" suffix=")">
            <foreach collection="criteria.criteria" item="criterion">
              <choose>
                <when test="criterion.noValue">
                  and ${criterion.condition}
                </when>
                <when test="criterion.singleValue">
                  and ${criterion.condition} #{criterion.value}
                </when>
                <when test="criterion.betweenValue">
                  and ${criterion.condition} #{criterion.value} and #{criterion.secondValue}
                </when>
                <when test="criterion.listValue">
                  and ${criterion.condition}
                  <foreach close=")" collection="criterion.value" item="listItem" open="(" separator=",">
                    #{listItem}
                  </foreach>
                </when>
              </choose>
            </foreach>
          </trim>
        </if>
      </foreach>
    </where>
  </sql>
  <sql id="Base_Column_List">
    inid, proid, pname, num, indate, marks
  </sql>
  <select id="selectByExample" parameterType="com.hbh.entity.CkinExample" resultMap="BaseResultMap">
    select
    <if test="distinct">
      distinct
    </if>
    'false' as QUERYID,
    <include refid="Base_Column_List" />
    from ckin
    <if test="_parameter != null">
      <include refid="Example_Where_Clause" />
    </if>
    <if test="orderByClause != null">
      order by ${orderByClause}
    </if>
  </select>
  <select id="selectByPrimaryKey" parameterType="java.lang.String" resultMap="BaseResultMap">
    select 
    <include refid="Base_Column_List" />
    from ckin
    where inid = #{inid,jdbcType=VARCHAR}
  </select>
  <delete id="deleteByPrimaryKey" parameterType="java.lang.String">
    delete from ckin
    where inid = #{inid,jdbcType=VARCHAR}
  </delete>
  <insert id="insert" parameterType="com.hbh.entity.Ckin">
    insert into ckin (inid, proid, pname, 
      num, indate, marks)
    values (#{inid,jdbcType=VARCHAR}, #{proid,jdbcType=VARCHAR}, #{pname,jdbcType=VARCHAR}, 
      #{num,jdbcType=INTEGER}, #{indate,jdbcType=DATE}, #{marks,jdbcType=VARCHAR})
  </insert>
  <update id="updateByPrimaryKey" parameterType="com.hbh.entity.Ckin">
    update ckin
    set proid = #{proid,jdbcType=VARCHAR},
      pname = #{pname,jdbcType=VARCHAR},
      num = #{num,jdbcType=INTEGER},
      indate = #{indate,jdbcType=DATE},
      marks = #{marks,jdbcType=VARCHAR}
    where inid = #{inid,jdbcType=VARCHAR}
  </update>
  <select id="getbyparams" resultMap="BaseResultMap">
 	 select * from ckin
  	<where>
		<if test="proid!=null and proid!=''">
		and	proid = #{proid,jdbcType=VARCHAR}
		</if>		 	
		<if test="indate!=null and indate!=''">
			and indate=#{indate}
		</if>
		<if test="pname!=null and pname!=''">
			and pname like concat('%',#{pname},'%')
		</if>	
		<if test="inid!=null and inid!=''">
			and inid=#{inid}
		</if>
		</where>	
  </select>
</mapper>